Kabupaten,Kecamatan,Jenis Wilayah,Nama Desa/Kelurahan
Banjarnegara,Banjarmangu,Desa,Banjarkulon
Banjarnegara,Banjarmangu,Desa,Banjarmangu
Banjarnegara,Banjarmangu,Desa,Beji
Banjarnegara,Banjarmangu,Desa,Gripit
Banjarnegara,Banjarmangu,Desa,Jenggawur
Banjarnegara,Banjarmangu,Desa,Kalilunjar
Banjarnegara,Banjarmangu,Desa,Kendaga
Banjarnegara,Banjarmangu,Desa,Kesenet
Banjarnegara,Banjarmangu,Desa,Majatengah
Banjarnegara,Banjarmangu,Desa,Paseh
Banjarnegara,Banjarmangu,Desa,Pekandangan
Banjarnegara,Banjarmangu,Desa,Prendengan
Banjarnegara,Banjarmangu,Desa,Rejasari
Banjarnegara,Banjarmangu,Desa,Sigeblok
Banjarnegara,Banjarmangu,Desa,Sijenggung
Banjarnegara,Banjarmangu,Desa,Sijeruk
Banjarnegara,Banjarmangu,Desa,Sipedang
Banjarnegara,Banjarnegara,Kelurahan,Argasoka
Banjarnegara,Banjarnegara,Kelurahan,Karangtengah
Banjarnegara,Banjarnegara,Kelurahan,Krandegan
Banjarnegara,Banjarnegara,Kelurahan,Kutabanjarnegara
Banjarnegara,Banjarnegara,Kelurahan,Parakancanggah
Banjarnegara,Banjarnegara,Kelurahan,Semampir
Banjarnegara,Banjarnegara,Kelurahan,Semarang
Banjarnegara,Banjarnegara,Kelurahan,Sokanandi
Banjarnegara,Banjarnegara,Kelurahan,Wangon
Banjarnegara,Banjarnegara,Desa,Ampelsari
Banjarnegara,Banjarnegara,Desa,Cendana
Banjarnegara,Banjarnegara,Desa,Sokayasa
Banjarnegara,Banjarnegara,Desa,Tlagawera
Banjarnegara,Batur,Desa,Bakal
Banjarnegara,Batur,Desa,Batur
Banjarnegara,Batur,Desa,Dieng Kulon
Banjarnegara,Batur,Desa,Karangtengah
Banjarnegara,Batur,Desa,Kepakisan
Banjarnegara,Batur,Desa,Pasurenan
Banjarnegara,Batur,Desa,Pekasiran
Banjarnegara,Batur,Desa,Sumberejo
Banjarnegara,Bawang,Desa,Bandingan
Banjarnegara,Bawang,Desa,Bawang
Banjarnegara,Bawang,Desa,Binorong
Banjarnegara,Bawang,Desa,Blambangan
Banjarnegara,Bawang,Desa,Depok
Banjarnegara,Bawang,Desa,Gemuruh
Banjarnegara,Bawang,Desa,Joho
Banjarnegara,Bawang,Desa,Kebondalem
Banjarnegara,Bawang,Desa,Kutayasa
Banjarnegara,Bawang,Desa,Majalengka
Banjarnegara,Bawang,Desa,Mantrianom
Banjarnegara,Bawang,Desa,Masaran
Banjarnegara,Bawang,Desa,Pucang
Banjarnegara,Bawang,Desa,Serang
Banjarnegara,Bawang,Desa,Wanadri
Banjarnegara,Bawang,Desa,Watuurip
Banjarnegara,Bawang,Desa,Winong
Banjarnegara,Bawang,Desa,Wiramastra
Banjarnegara,Kalibening,Desa,Asinan
Banjarnegara,Kalibening,Desa,Bedana
Banjarnegara,Kalibening,Desa,Gununglangit
Banjarnegara,Kalibening,Desa,Kalibening
Banjarnegara,Kalibening,Desa,Kalibombong
Banjarnegara,Kalibening,Desa,Kalisat Kidul
Banjarnegara,Kalibening,Desa,Karang Anyar
Banjarnegara,Kalibening,Desa,Kasinoman
Banjarnegara,Kalibening,Desa,Kertasari
Banjarnegara,Kalibening,Desa,Majatengah
Banjarnegara,Kalibening,Desa,Plorengan
Banjarnegara,Kalibening,Desa,Sembawa
Banjarnegara,Kalibening,Desa,Sidakangen
Banjarnegara,Kalibening,Desa,Sikumpul
Banjarnegara,Kalibening,Desa,Sirukem
Banjarnegara,Kalibening,Desa,Sirukun
Banjarnegara,Karangkobar,Desa,Ambal
Banjarnegara,Karangkobar,Desa,Binangun
Banjarnegara,Karangkobar,Desa,Gumelar
Banjarnegara,Karangkobar,Desa,Jlegong
Banjarnegara,Karangkobar,Desa,Karanggondang
Banjarnegara,Karangkobar,Desa,Karangkobar
Banjarnegara,Karangkobar,Desa,Leksana
Banjarnegara,Karangkobar,Desa,Pagerpelah
Banjarnegara,Karangkobar,Desa,Pasuruhan
Banjarnegara,Karangkobar,Desa,Paweden
Banjarnegara,Karangkobar,Desa,Purwodadi
Banjarnegara,Karangkobar,Desa,Sampang
Banjarnegara,Karangkobar,Desa,Slatri
Banjarnegara,Madukara,Kelurahan,Kenteng
Banjarnegara,Madukara,Kelurahan,Rejasa
Banjarnegara,Madukara,Desa,Bantarwaru
Banjarnegara,Madukara,Desa,Blitar
Banjarnegara,Madukara,Desa,Clapar
Banjarnegara,Madukara,Desa,Dawuhan
Banjarnegara,Madukara,Desa,Gununggiana
Banjarnegara,Madukara,Desa,Kaliurip
Banjarnegara,Madukara,Desa,Karanganyar
Banjarnegara,Madukara,Desa,Kutayasa
Banjarnegara,Madukara,Desa,Limbangan
Banjarnegara,Madukara,Desa,Madukara
Banjarnegara,Madukara,Desa,Pagelak
Banjarnegara,Madukara,Desa,Pakelen
Banjarnegara,Madukara,Desa,Pekauman
Banjarnegara,Madukara,Desa,Penawangan
Banjarnegara,Madukara,Desa,Petambakan
Banjarnegara,Madukara,Desa,Rakitan
Banjarnegara,Madukara,Desa,Sered
Banjarnegara,Madukara,Desa,Talunamba
Banjarnegara,Mandiraja,Desa,Banjengan
Banjarnegara,Mandiraja,Desa,Blimbing
Banjarnegara,Mandiraja,Desa,Candiwulan
Banjarnegara,Mandiraja,Desa,Glempang
Banjarnegara,Mandiraja,Desa,Jalatunda
Banjarnegara,Mandiraja,Desa,Kaliwungu
Banjarnegara,Mandiraja,Desa,Kebakalan
Banjarnegara,Mandiraja,Desa,Kebanaran
Banjarnegara,Mandiraja,Desa,Kertayasa
Banjarnegara,Mandiraja,Desa,Mandirajakulon
Banjarnegara,Mandiraja,Desa,Mandirajawetan
Banjarnegara,Mandiraja,Desa,Panggisari
Banjarnegara,Mandiraja,Desa,Purwasaba
Banjarnegara,Mandiraja,Desa,Salamerta
Banjarnegara,Mandiraja,Desa,Simbang
Banjarnegara,Mandiraja,Desa,Somawangi
Banjarnegara,Pagedongan,Desa,Duren
Banjarnegara,Pagedongan,Desa,Gentansari
Banjarnegara,Pagedongan,Desa,Gunungjati
Banjarnegara,Pagedongan,Desa,Kebutuhduwur
Banjarnegara,Pagedongan,Desa,Kebutuhjurang
Banjarnegara,Pagedongan,Desa,Lebakwangi
Banjarnegara,Pagedongan,Desa,Pagedongan
Banjarnegara,Pagedongan,Desa,Pesangkalan
Banjarnegara,Pagedongan,Desa,Twelagiri
Banjarnegara,Pagentan,Desa,Aribaya
Banjarnegara,Pagentan,Desa,Babadan
Banjarnegara,Pagentan,Desa,Gumingsir
Banjarnegara,Pagentan,Desa,Kalitlaga
Banjarnegara,Pagentan,Desa,Karangnangka
Banjarnegara,Pagentan,Desa,Karekan
Banjarnegara,Pagentan,Desa,Kasmaran
Banjarnegara,Pagentan,Desa,Kayuares
Banjarnegara,Pagentan,Desa,Larangan
Banjarnegara,Pagentan,Desa,Majasari
Banjarnegara,Pagentan,Desa,Metawana
Banjarnegara,Pagentan,Desa,Nagasari
Banjarnegara,Pagentan,Desa,Pagentan
Banjarnegara,Pagentan,Desa,Plumbungan
Banjarnegara,Pagentan,Desa,Sokaraja
Banjarnegara,Pagentan,Desa,Tegaljeruk
Banjarnegara,Pandanarum,Desa,Beji
Banjarnegara,Pandanarum,Desa,Lawen
Banjarnegara,Pandanarum,Desa,Pandanarum
Banjarnegara,Pandanarum,Desa,Pasegeran
Banjarnegara,Pandanarum,Desa,Pingit Lor
Banjarnegara,Pandanarum,Desa,Pringamba
Banjarnegara,Pandanarum,Desa,Sinduaji
Banjarnegara,Pandanarum,Desa,Sirongge
Banjarnegara,Pejawaran,Desa,Beji
Banjarnegara,Pejawaran,Desa,Biting
Banjarnegara,Pejawaran,Desa,Condong Campur
Banjarnegara,Pejawaran,Desa,Darmayasa
Banjarnegara,Pejawaran,Desa,Gembol
Banjarnegara,Pejawaran,Desa,Giritirta
Banjarnegara,Pejawaran,Desa,Grogol
Banjarnegara,Pejawaran,Desa,Kalilunjar
Banjarnegara,Pejawaran,Desa,Karangsari
Banjarnegara,Pejawaran,Desa,Panusupan
Banjarnegara,Pejawaran,Desa,Pegundungan
Banjarnegara,Pejawaran,Desa,Pejawaran
Banjarnegara,Pejawaran,Desa,Ratamba
Banjarnegara,Pejawaran,Desa,Sarwodadi
Banjarnegara,Pejawaran,Desa,Semangkung
Banjarnegara,Pejawaran,Desa,Sidengok
Banjarnegara,Pejawaran,Desa,Tlahap
Banjarnegara,Punggelan,Desa,Badakarya
Banjarnegara,Punggelan,Desa,Bondolharjo
Banjarnegara,Punggelan,Desa,Danakerta
Banjarnegara,Punggelan,Desa,Jembangan
Banjarnegara,Punggelan,Desa,Karangsari
Banjarnegara,Punggelan,Desa,Kecepit
Banjarnegara,Punggelan,Desa,Klapa
Banjarnegara,Punggelan,Desa,Mlaya
Banjarnegara,Punggelan,Desa,Petuguran
Banjarnegara,Punggelan,Desa,Punggelan
Banjarnegara,Punggelan,Desa,Purwasana
Banjarnegara,Punggelan,Desa,Sambong
Banjarnegara,Punggelan,Desa,Sawangan
Banjarnegara,Punggelan,Desa,Sidarata
Banjarnegara,Punggelan,Desa,Tanjungtirta
Banjarnegara,Punggelan,Desa,Tlaga
Banjarnegara,Punggelan,Desa,Tribuana
Banjarnegara,Purwanegara,Desa,Danaraja
Banjarnegara,Purwanegara,Desa,Gumiwang
Banjarnegara,Purwanegara,Desa,Kaliajir
Banjarnegara,Purwanegara,Desa,Kalipelus
Banjarnegara,Purwanegara,Desa,Kalitengah
Banjarnegara,Purwanegara,Desa,Karanganyar
Banjarnegara,Purwanegara,Desa,Kutawuluh
Banjarnegara,Purwanegara,Desa,Merden
Banjarnegara,Purwanegara,Desa,Mertasari
Banjarnegara,Purwanegara,Desa,Parakan
Banjarnegara,Purwanegara,Desa,Petir
Banjarnegara,Purwanegara,Desa,Pucungbedug
Banjarnegara,Purwanegara,Desa,Purwonegoro
Banjarnegara,Purwareja Klampok,Desa,Kalilandak
Banjarnegara,Purwareja Klampok,Desa,Kalimandi
Banjarnegara,Purwareja Klampok,Desa,Kaliwinasuh
Banjarnegara,Purwareja Klampok,Desa,Kecitran
Banjarnegara,Purwareja Klampok,Desa,Klampok
Banjarnegara,Purwareja Klampok,Desa,Pagak
Banjarnegara,Purwareja Klampok,Desa,Purworejo
Banjarnegara,Purwareja Klampok,Desa,Sirkandi
Banjarnegara,Rakit,Desa,Adipasir
Banjarnegara,Rakit,Desa,Badamita
Banjarnegara,Rakit,Desa,Bandingan
Banjarnegara,Rakit,Desa,Gelang
Banjarnegara,Rakit,Desa,Kincang
Banjarnegara,Rakit,Desa,Lengkong
Banjarnegara,Rakit,Desa,Luwung
Banjarnegara,Rakit,Desa,Pingit
Banjarnegara,Rakit,Desa,Rakit
Banjarnegara,Rakit,Desa,Situwangi
Banjarnegara,Rakit,Desa,Tanjunganom
Banjarnegara,Sigaluh,Kelurahan,Kalibenda
Banjarnegara,Sigaluh,Desa,Bandingan
Banjarnegara,Sigaluh,Desa,Bojanegara
Banjarnegara,Sigaluh,Desa,Gembongan
Banjarnegara,Sigaluh,Desa,Karangmangu
Banjarnegara,Sigaluh,Desa,Kemiri
Banjarnegara,Sigaluh,Desa,Panawaren
Banjarnegara,Sigaluh,Desa,Prigi
Banjarnegara,Sigaluh,Desa,Pringamba
Banjarnegara,Sigaluh,Desa,Randegan
Banjarnegara,Sigaluh,Desa,Sawal
Banjarnegara,Sigaluh,Desa,Sigaluh
Banjarnegara,Sigaluh,Desa,Singomerto
Banjarnegara,Sigaluh,Desa,Tunggara
Banjarnegara,Sigaluh,Desa,Wanacipta
Banjarnegara,Susukan,Desa,Berta
Banjarnegara,Susukan,Desa,Brengkok
Banjarnegara,Susukan,Desa,Derik
Banjarnegara,Susukan,Desa,Dermasari
Banjarnegara,Susukan,Desa,Gumelem Kulon
Banjarnegara,Susukan,Desa,Gumelem Wetan
Banjarnegara,Susukan,Desa,Karangjati
Banjarnegara,Susukan,Desa,Karangsalam
Banjarnegara,Susukan,Desa,Kedawung
Banjarnegara,Susukan,Desa,Kemranggon
Banjarnegara,Susukan,Desa,Pakikiran
Banjarnegara,Susukan,Desa,Panerusan Kulon
Banjarnegara,Susukan,Desa,Panerusan Wetan
Banjarnegara,Susukan,Desa,Piasa Wetan
Banjarnegara,Susukan,Desa,Susukan
Banjarnegara,Wanadadi,Desa,Gumingsir
Banjarnegara,Wanadadi,Desa,Kandangwangi
Banjarnegara,Wanadadi,Desa,Karangjambe
Banjarnegara,Wanadadi,Desa,Karangkemiri
Banjarnegara,Wanadadi,Desa,Kasalib
Banjarnegara,Wanadadi,Desa,Lemahjaya
Banjarnegara,Wanadadi,Desa,Linggasari
Banjarnegara,Wanadadi,Desa,Medayu
Banjarnegara,Wanadadi,Desa,Tapen
Banjarnegara,Wanadadi,Desa,Wanadadi
Banjarnegara,Wanadadi,Desa,Wanakarsa
Banjarnegara,Wanayasa,Desa,Balun
Banjarnegara,Wanayasa,Desa,Bantar
Banjarnegara,Wanayasa,Desa,Dawuhan
Banjarnegara,Wanayasa,Desa,Jatilawang
Banjarnegara,Wanayasa,Desa,Karangtengah
Banjarnegara,Wanayasa,Desa,Kasimpar
Banjarnegara,Wanayasa,Desa,Kubang
Banjarnegara,Wanayasa,Desa,Legoksayem
Banjarnegara,Wanayasa,Desa,Pagergunung
Banjarnegara,Wanayasa,Desa,Pandansari
Banjarnegara,Wanayasa,Desa,Penanggungan
Banjarnegara,Wanayasa,Desa,Kalideres
Banjarnegara,Wanayasa,Desa,Susukan
Banjarnegara,Wanayasa,Desa,Suwidak
Banjarnegara,Wanayasa,Desa,Tempuran
Banjarnegara,Wanayasa,Desa,Wanaraja
Banjarnegara,Wanayasa,Desa,Wanayasa
